{
  "id": "swdsa5kompendium",
  "title": "DSA-SharedKompendium",
  "description": "Kompendium um über DSA Welten hinweg Daten zu migrieren",
  "authors": [
    {
      "name": "KarstenW",
      "discord": "KarstenW#7984",
      "flags": {}
    }
  ],
  "flags": {},
  "version": "1.0",
  "compatibility": {
    "minimum": "10",
    "verified": "10",
    "maximum": "10"
  },
  "scripts": [],
  "esmodules": [],
  "styles": [],
  "languages": [],
  "packs": [
    {
      "label": "NPC&Monster",
      "name": "actors-gm",
      "system": "dsa5",
      "path": "packs/actor-gm.db",
      "module": "swdsa5kompendium",
      "type": "Actor",
      "private": false
    },
    {
      "label": "Spieler Charaktere",
      "name": "actor-player",
      "system": "dsa5",
      "path": "packs/actor-player.db",
      "module": "swdsa5kompendium",
      "type": "Actor",
      "private": false
    },
    {
      "label": "Items Meister",
      "name": "item-gm",
      "system": "dsa5",
      "path": "packs/item-gm.db",
      "module": "swdsa5kompendium",
      "type": "Item",
      "private": false
    },
    {
      "label": "Items Spieler",
      "name": "item-player",
      "system": "dsa5",
      "path": "packs/item-player.db",
      "module": "swdsa5kompendium",
      "type": "Item",
      "private": false
    },
    {
      "label": "Journale Meister",
      "name": "journal-gm",
      "path": "packs/journal-gm.db",
      "module": "swdsa5kompendium",
      "type": "JournalEntry",
      "private": false
    },
    {
      "label": "Journale Spieler",
      "name": "journal-player",
      "path": "packs/journal-player.db",
      "module": "swdsa5kompendium",
      "type": "JournalEntry",
      "private": false
    },
    {
      "label": "Makros",
      "name": "macro",
      "path": "packs/macro.db",
      "module": "swdsa5kompendium",
      "type": "Macro",
      "private": false
    },
    {
      "label": "Playlists",
      "name": "playlist",
      "path": "packs/playlist.db",
      "module": "swdsa5kompendium",
      "type": "Playlist",
      "private": false
    },
    {
      "label": "Szenen",
      "name": "scene",
      "path": "packs/scene.db",
      "module": "swdsa5kompendium",
      "type": "Scene",
      "private": false
    }
  ],
  "socket": false,
  "url": "https://github.com/gendokun/swdsa5kompendium/",
  "manifest": "https://raw.githubusercontent.com/gendokun/swdsa5kompendium/master/module.json",
  "download": "https://github.com/gendokun/swdsa5kompendium/releases/download/1.0.1/sharedkompendium1.0.1.zip"
}
